Time Series Search Export,Search term,Search filters,,Last update of Residential property prices data,Downloaded at,Source,Source URL,Download URL,About Residential property prices
,,,,2026-04-30,2026-05-03 06:11 CEST,BIS,"https://data.bis.org/topics/RPP/BIS,WS_SPP,1.0/Q.CA.R.628?","https://data.bis.org/topics/RPP/BIS,WS_SPP,1.0/Q.CA.R.628?&file_format=csv&format=long&split_frequencies=false&transposed=false&include=code",https://data.bis.org/topics/RPP

DATAFLOW_ID,KEY,FREQ,REF_AREA,VALUE,UNIT_MEASURE,Unit,Unit multiplier,TIME_PERIOD,OBS_CONF,OBS_PRE_BREAK,OBS_STATUS,OBS_VALUE
"BIS,WS_SPP,1.0",Q.CA.R.628,Q,CA,R,628,"Index, 2010 = 100",Units,1970-03-31,F,,A,38.1516
"BIS,WS_SPP,1.0",Q.CA.R.628,Q,CA,R,628,"Index, 2010 = 100",Units,1970-06-30,F,,A,37.9636
"BIS,WS_SPP,1.0",Q.CA.R.628,Q,CA,R,628,"Index, 2010 = 100",Units,1970-09-30,F,,A,37.965
"BIS,WS_SPP,1.0",Q.CA.R.628,Q,CA,R,628,"Index, 2010 = 100",Units,1970-12-31,F,,A,39.2437
"BIS,WS_SPP,1.0",Q.CA.R.628,Q,CA,R,628,"Index, 2010 = 100",Units,1971-03-31,F,,A,39.3625
"BIS,WS_SPP,1.0",Q.CA.R.628,Q,CA,R,628,"Index, 2010 = 100",Units,1971-06-30,F,,A,39.3161
"BIS,WS_SPP,1.0",Q.CA.R.628,Q,CA,R,628,"Index, 2010 = 100",Units,1971-09-30,F,,A,38.4822
"BIS,WS_SPP,1.0",Q.CA.R.628,Q,CA,R,628,"Index, 2010 = 100",Units,1971-12-31,F,,A,40.1863
"BIS,WS_SPP,1.0",Q.CA.R.628,Q,CA,R,628,"Index, 2010 = 100",Units,1972-03-31,F,,A,40.5501
"BIS,WS_SPP,1.0",Q.CA.R.628,Q,CA,R,628,"Index, 2010 = 100",Units,1972-06-30,F,,A,40.1764
"BIS,WS_SPP,1.0",Q.CA.R.628,Q,CA,R,628,"Index, 2010 = 100",Units,1972-09-30,F,,A,39.904
"BIS,WS_SPP,1.0",Q.CA.R.628,Q,CA,R,628,"Index, 2010 = 100",Units,1972-12-31,F,,A,41.4561
"BIS,WS_SPP,1.0",Q.CA.R.628,Q,CA,R,628,"Index, 2010 = 100",Units,1973-03-31,F,,A,42.8236
"BIS,WS_SPP,1.0",Q.CA.R.628,Q,CA,R,628,"Index, 2010 = 100",Units,1973-06-30,F,,A,44.0906
"BIS,WS_SPP,1.0",Q.CA.R.628,Q,CA,R,628,"Index, 2010 = 100",Units,1973-09-30,F,,A,45.9878
"BIS,WS_SPP,1.0",Q.CA.R.628,Q,CA,R,628,"Index, 2010 = 100",Units,1973-12-31,F,,A,49.4522
"BIS,WS_SPP,1.0",Q.CA.R.628,Q,CA,R,628,"Index, 2010 = 100",Units,1974-03-31,F,,A,53.4267
"BIS,WS_SPP,1.0",Q.CA.R.628,Q,CA,R,628,"Index, 2010 = 100",Units,1974-06-30,F,,A,53.9518
"BIS,WS_SPP,1.0",Q.CA.R.628,Q,CA,R,628,"Index, 2010 = 100",Units,1974-09-30,F,,A,51.9164
"BIS,WS_SPP,1.0",Q.CA.R.628,Q,CA,R,628,"Index, 2010 = 100",Units,1974-12-31,F,,A,50.5765
"BIS,WS_SPP,1.0",Q.CA.R.628,Q,CA,R,628,"Index, 2010 = 100",Units,1975-03-31,F,,A,52.294
"BIS,WS_SPP,1.0",Q.CA.R.628,Q,CA,R,628,"Index, 2010 = 100",Units,1975-06-30,F,,A,52.7434
"BIS,WS_SPP,1.0",Q.CA.R.628,Q,CA,R,628,"Index, 2010 = 100",Units,1975-09-30,F,,A,52.6905
"BIS,WS_SPP,1.0",Q.CA.R.628,Q,CA,R,628,"Index, 2010 = 100",Units,1975-12-31,F,,A,53.7542
"BIS,WS_SPP,1.0",Q.CA.R.628,Q,CA,R,628,"Index, 2010 = 100",Units,1976-03-31,F,,A,55.267
"BIS,WS_SPP,1.0",Q.CA.R.628,Q,CA,R,628,"Index, 2010 = 100",Units,1976-06-30,F,,A,55.1091
"BIS,WS_SPP,1.0",Q.CA.R.628,Q,CA,R,628,"Index, 2010 = 100",Units,1976-09-30,F,,A,54.3905
"BIS,WS_SPP,1.0",Q.CA.R.628,Q,CA,R,628,"Index, 2010 = 100",Units,1976-12-31,F,,A,55.6481
"BIS,WS_SPP,1.0",Q.CA.R.628,Q,CA,R,628,"Index, 2010 = 100",Units,1977-03-31,F,,A,54.9948
"BIS,WS_SPP,1.0",Q.CA.R.628,Q,CA,R,628,"Index, 2010 = 100",Units,1977-06-30,F,,A,53.8094
"BIS,WS_SPP,1.0",Q.CA.R.628,Q,CA,R,628,"Index, 2010 = 100",Units,1977-09-30,F,,A,52.5147
"BIS,WS_SPP,1.0",Q.CA.R.628,Q,CA,R,628,"Index, 2010 = 100",Units,1977-12-31,F,,A,52.9206
"BIS,WS_SPP,1.0",Q.CA.R.628,Q,CA,R,628,"Index, 2010 = 100",Units,1978-03-31,F,,A,51.6946
"BIS,WS_SPP,1.0",Q.CA.R.628,Q,CA,R,628,"Index, 2010 = 100",Units,1978-06-30,F,,A,51.9821
"BIS,WS_SPP,1.0",Q.CA.R.628,Q,CA,R,628,"Index, 2010 = 100",Units,1978-09-30,F,,A,50.6367
"BIS,WS_SPP,1.0",Q.CA.R.628,Q,CA,R,628,"Index, 2010 = 100",Units,1978-12-31,F,,A,52.1436
"BIS,WS_SPP,1.0",Q.CA.R.628,Q,CA,R,628,"Index, 2010 = 100",Units,1979-03-31,F,,A,52.7925
"BIS,WS_SPP,1.0",Q.CA.R.628,Q,CA,R,628,"Index, 2010 = 100",Units,1979-06-30,F,,A,52.4942
"BIS,WS_SPP,1.0",Q.CA.R.628,Q,CA,R,628,"Index, 2010 = 100",Units,1979-09-30,F,,A,51.2621
"BIS,WS_SPP,1.0",Q.CA.R.628,Q,CA,R,628,"Index, 2010 = 100",Units,1979-12-31,F,,A,52.3214
"BIS,WS_SPP,1.0",Q.CA.R.628,Q,CA,R,628,"Index, 2010 = 100",Units,1980-03-31,F,,A,51.9589
"BIS,WS_SPP,1.0",Q.CA.R.628,Q,CA,R,628,"Index, 2010 = 100",Units,1980-06-30,F,,A,52.6125
"BIS,WS_SPP,1.0",Q.CA.R.628,Q,CA,R,628,"Index, 2010 = 100",Units,1980-09-30,F,,A,53.2591
"BIS,WS_SPP,1.0",Q.CA.R.628,Q,CA,R,628,"Index, 2010 = 100",Units,1980-12-31,F,,A,55.1066
"BIS,WS_SPP,1.0",Q.CA.R.628,Q,CA,R,628,"Index, 2010 = 100",Units,1981-03-31,F,,A,55.3188
"BIS,WS_SPP,1.0",Q.CA.R.628,Q,CA,R,628,"Index, 2010 = 100",Units,1981-06-30,F,,A,54.1451
"BIS,WS_SPP,1.0",Q.CA.R.628,Q,CA,R,628,"Index, 2010 = 100",Units,1981-09-30,F,,A,53.9036
"BIS,WS_SPP,1.0",Q.CA.R.628,Q,CA,R,628,"Index, 2010 = 100",Units,1981-12-31,F,,A,53.3638
"BIS,WS_SPP,1.0",Q.CA.R.628,Q,CA,R,628,"Index, 2010 = 100",Units,1982-03-31,F,,A,49.9355
"BIS,WS_SPP,1.0",Q.CA.R.628,Q,CA,R,628,"Index, 2010 = 100",Units,1982-06-30,F,,A,46.4056
"BIS,WS_SPP,1.0",Q.CA.R.628,Q,CA,R,628,"Index, 2010 = 100",Units,1982-09-30,F,,A,44.5756
"BIS,WS_SPP,1.0",Q.CA.R.628,Q,CA,R,628,"Index, 2010 = 100",Units,1982-12-31,F,,A,44.8387
"BIS,WS_SPP,1.0",Q.CA.R.628,Q,CA,R,628,"Index, 2010 = 100",Units,1983-03-31,F,,A,47.5674
"BIS,WS_SPP,1.0",Q.CA.R.628,Q,CA,R,628,"Index, 2010 = 100",Units,1983-06-30,F,,A,46.9074
"BIS,WS_SPP,1.0",Q.CA.R.628,Q,CA,R,628,"Index, 2010 = 100",Units,1983-09-30,F,,A,45.5728
"BIS,WS_SPP,1.0",Q.CA.R.628,Q,CA,R,628,"Index, 2010 = 100",Units,1983-12-31,F,,A,45.323
"BIS,WS_SPP,1.0",Q.CA.R.628,Q,CA,R,628,"Index, 2010 = 100",Units,1984-03-31,F,,A,44.7485
"BIS,WS_SPP,1.0",Q.CA.R.628,Q,CA,R,628,"Index, 2010 = 100",Units,1984-06-30,F,,A,44.6323
"BIS,WS_SPP,1.0",Q.CA.R.628,Q,CA,R,628,"Index, 2010 = 100",Units,1984-09-30,F,,A,43.447
"BIS,WS_SPP,1.0",Q.CA.R.628,Q,CA,R,628,"Index, 2010 = 100",Units,1984-12-31,F,,A,43.6519
"BIS,WS_SPP,1.0",Q.CA.R.628,Q,CA,R,628,"Index, 2010 = 100",Units,1985-03-31,F,,A,44.0646
"BIS,WS_SPP,1.0",Q.CA.R.628,Q,CA,R,628,"Index, 2010 = 100",Units,1985-06-30,F,,A,44.5627
"BIS,WS_SPP,1.0",Q.CA.R.628,Q,CA,R,628,"Index, 2010 = 100",Units,1985-09-30,F,,A,44.358
"BIS,WS_SPP,1.0",Q.CA.R.628,Q,CA,R,628,"Index, 2010 = 100",Units,1985-12-31,F,,A,45.8775
"BIS,WS_SPP,1.0",Q.CA.R.628,Q,CA,R,628,"Index, 2010 = 100",Units,1986-03-31,F,,A,47.9237
"BIS,WS_SPP,1.0",Q.CA.R.628,Q,CA,R,628,"Index, 2010 = 100",Units,1986-06-30,F,,A,49.9282
"BIS,WS_SPP,1.0",Q.CA.R.628,Q,CA,R,628,"Index, 2010 = 100",Units,1986-09-30,F,,A,50.191
"BIS,WS_SPP,1.0",Q.CA.R.628,Q,CA,R,628,"Index, 2010 = 100",Units,1986-12-31,F,,A,53.1148
"BIS,WS_SPP,1.0",Q.CA.R.628,Q,CA,R,628,"Index, 2010 = 100",Units,1987-03-31,F,,A,57.0478
"BIS,WS_SPP,1.0",Q.CA.R.628,Q,CA,R,628,"Index, 2010 = 100",Units,1987-06-30,F,,A,55.5643
"BIS,WS_SPP,1.0",Q.CA.R.628,Q,CA,R,628,"Index, 2010 = 100",Units,1987-09-30,F,,A,54.9735
"BIS,WS_SPP,1.0",Q.CA.R.628,Q,CA,R,628,"Index, 2010 = 100",Units,1987-12-31,F,,A,57.5943
"BIS,WS_SPP,1.0",Q.CA.R.628,Q,CA,R,628,"Index, 2010 = 100",Units,1988-03-31,F,,A,62.3874
"BIS,WS_SPP,1.0",Q.CA.R.628,Q,CA,R,628,"Index, 2010 = 100",Units,1988-06-30,F,,A,62.9101
"BIS,WS_SPP,1.0",Q.CA.R.628,Q,CA,R,628,"Index, 2010 = 100",Units,1988-09-30,F,,A,62.8579
"BIS,WS_SPP,1.0",Q.CA.R.628,Q,CA,R,628,"Index, 2010 = 100",Units,1988-12-31,F,,A,67.4369
"BIS,WS_SPP,1.0",Q.CA.R.628,Q,CA,R,628,"Index, 2010 = 100",Units,1989-03-31,F,,A,73.2964
"BIS,WS_SPP,1.0",Q.CA.R.628,Q,CA,R,628,"Index, 2010 = 100",Units,1989-06-30,F,,A,65.8368
"BIS,WS_SPP,1.0",Q.CA.R.628,Q,CA,R,628,"Index, 2010 = 100",Units,1989-09-30,F,,A,66.436
"BIS,WS_SPP,1.0",Q.CA.R.628,Q,CA,R,628,"Index, 2010 = 100",Units,1989-12-31,F,,A,69.7457
"BIS,WS_SPP,1.0",Q.CA.R.628,Q,CA,R,628,"Index, 2010 = 100",Units,1990-03-31,F,,A,67.5219
"BIS,WS_SPP,1.0",Q.CA.R.628,Q,CA,R,628,"Index, 2010 = 100",Units,1990-06-30,F,,A,62.4101
"BIS,WS_SPP,1.0",Q.CA.R.628,Q,CA,R,628,"Index, 2010 = 100",Units,1990-09-30,F,,A,62.1317
"BIS,WS_SPP,1.0",Q.CA.R.628,Q,CA,R,628,"Index, 2010 = 100",Units,1990-12-31,F,,A,61.7145
"BIS,WS_SPP,1.0",Q.CA.R.628,Q,CA,R,628,"Index, 2010 = 100",Units,1991-03-31,F,,A,62.8823
"BIS,WS_SPP,1.0",Q.CA.R.628,Q,CA,R,628,"Index, 2010 = 100",Units,1991-06-30,F,,A,64.6421
"BIS,WS_SPP,1.0",Q.CA.R.628,Q,CA,R,628,"Index, 2010 = 100",Units,1991-09-30,F,,A,60.6376
"BIS,WS_SPP,1.0",Q.CA.R.628,Q,CA,R,628,"Index, 2010 = 100",Units,1991-12-31,F,,A,61.4683
"BIS,WS_SPP,1.0",Q.CA.R.628,Q,CA,R,628,"Index, 2010 = 100",Units,1992-03-31,F,,A,62.2387
"BIS,WS_SPP,1.0",Q.CA.R.628,Q,CA,R,628,"Index, 2010 = 100",Units,1992-06-30,F,,A,62.3972
"BIS,WS_SPP,1.0",Q.CA.R.628,Q,CA,R,628,"Index, 2010 = 100",Units,1992-09-30,F,,A,62.2764
"BIS,WS_SPP,1.0",Q.CA.R.628,Q,CA,R,628,"Index, 2010 = 100",Units,1992-12-31,F,,A,63.3468
"BIS,WS_SPP,1.0",Q.CA.R.628,Q,CA,R,628,"Index, 2010 = 100",Units,1993-03-31,F,,A,63.4415
"BIS,WS_SPP,1.0",Q.CA.R.628,Q,CA,R,628,"Index, 2010 = 100",Units,1993-06-30,F,,A,63.3176
"BIS,WS_SPP,1.0",Q.CA.R.628,Q,CA,R,628,"Index, 2010 = 100",Units,1993-09-30,F,,A,61.6801
"BIS,WS_SPP,1.0",Q.CA.R.628,Q,CA,R,628,"Index, 2010 = 100",Units,1993-12-31,F,,A,62.1264
"BIS,WS_SPP,1.0",Q.CA.R.628,Q,CA,R,628,"Index, 2010 = 100",Units,1994-03-31,F,,A,65.273
"BIS,WS_SPP,1.0",Q.CA.R.628,Q,CA,R,628,"Index, 2010 = 100",Units,1994-06-30,F,,A,64.9563
"BIS,WS_SPP,1.0",Q.CA.R.628,Q,CA,R,628,"Index, 2010 = 100",Units,1994-09-30,F,,A,63.5844
"BIS,WS_SPP,1.0",Q.CA.R.628,Q,CA,R,628,"Index, 2010 = 100",Units,1994-12-31,F,,A,64.1443
"BIS,WS_SPP,1.0",Q.CA.R.628,Q,CA,R,628,"Index, 2010 = 100",Units,1995-03-31,F,,A,61.7928
"BIS,WS_SPP,1.0",Q.CA.R.628,Q,CA,R,628,"Index, 2010 = 100",Units,1995-06-30,F,,A,59.7398
"BIS,WS_SPP,1.0",Q.CA.R.628,Q,CA,R,628,"Index, 2010 = 100",Units,1995-09-30,F,,A,60.1995
"BIS,WS_SPP,1.0",Q.CA.R.628,Q,CA,R,628,"Index, 2010 = 100",Units,1995-12-31,F,,A,60.2732
"BIS,WS_SPP,1.0",Q.CA.R.628,Q,CA,R,628,"Index, 2010 = 100",Units,1996-03-31,F,,A,59.296
"BIS,WS_SPP,1.0",Q.CA.R.628,Q,CA,R,628,"Index, 2010 = 100",Units,1996-06-30,F,,A,60.0922
"BIS,WS_SPP,1.0",Q.CA.R.628,Q,CA,R,628,"Index, 2010 = 100",Units,1996-09-30,F,,A,59.1753
"BIS,WS_SPP,1.0",Q.CA.R.628,Q,CA,R,628,"Index, 2010 = 100",Units,1996-12-31,F,,A,59.16
"BIS,WS_SPP,1.0",Q.CA.R.628,Q,CA,R,628,"Index, 2010 = 100",Units,1997-03-31,F,,A,59.5255
"BIS,WS_SPP,1.0",Q.CA.R.628,Q,CA,R,628,"Index, 2010 = 100",Units,1997-06-30,F,,A,60.8449
"BIS,WS_SPP,1.0",Q.CA.R.628,Q,CA,R,628,"Index, 2010 = 100",Units,1997-09-30,F,,A,59.6296
"BIS,WS_SPP,1.0",Q.CA.R.628,Q,CA,R,628,"Index, 2010 = 100",Units,1997-12-31,F,,A,59.5975
"BIS,WS_SPP,1.0",Q.CA.R.628,Q,CA,R,628,"Index, 2010 = 100",Units,1998-03-31,F,,A,58.7171
"BIS,WS_SPP,1.0",Q.CA.R.628,Q,CA,R,628,"Index, 2010 = 100",Units,1998-06-30,F,,A,59.072
"BIS,WS_SPP,1.0",Q.CA.R.628,Q,CA,R,628,"Index, 2010 = 100",Units,1998-09-30,F,,A,57.8359
"BIS,WS_SPP,1.0",Q.CA.R.628,Q,CA,R,628,"Index, 2010 = 100",Units,1998-12-31,F,,A,58.5525
"BIS,WS_SPP,1.0",Q.CA.R.628,Q,CA,R,628,"Index, 2010 = 100",Units,1999-03-31,F,,A,58.7194
"BIS,WS_SPP,1.0",Q.CA.R.628,Q,CA,R,628,"Index, 2010 = 100",Units,1999-06-30,F,,A,60.36
"BIS,WS_SPP,1.0",Q.CA.R.628,Q,CA,R,628,"Index, 2010 = 100",Units,1999-09-30,F,,A,59.4283
"BIS,WS_SPP,1.0",Q.CA.R.628,Q,CA,R,628,"Index, 2010 = 100",Units,1999-12-31,F,,A,60.0764
"BIS,WS_SPP,1.0",Q.CA.R.628,Q,CA,R,628,"Index, 2010 = 100",Units,2000-03-31,F,,A,60.0711
"BIS,WS_SPP,1.0",Q.CA.R.628,Q,CA,R,628,"Index, 2010 = 100",Units,2000-06-30,F,,A,60.7041
"BIS,WS_SPP,1.0",Q.CA.R.628,Q,CA,R,628,"Index, 2010 = 100",Units,2000-09-30,F,,A,60.0071
"BIS,WS_SPP,1.0",Q.CA.R.628,Q,CA,R,628,"Index, 2010 = 100",Units,2000-12-31,F,,A,60.2182
"BIS,WS_SPP,1.0",Q.CA.R.628,Q,CA,R,628,"Index, 2010 = 100",Units,2001-03-31,F,,A,59.9294
"BIS,WS_SPP,1.0",Q.CA.R.628,Q,CA,R,628,"Index, 2010 = 100",Units,2001-06-30,F,,A,61.4651
"BIS,WS_SPP,1.0",Q.CA.R.628,Q,CA,R,628,"Index, 2010 = 100",Units,2001-09-30,F,,A,61.5748
"BIS,WS_SPP,1.0",Q.CA.R.628,Q,CA,R,628,"Index, 2010 = 100",Units,2001-12-31,F,,A,62.9571
"BIS,WS_SPP,1.0",Q.CA.R.628,Q,CA,R,628,"Index, 2010 = 100",Units,2002-03-31,F,,A,65.2743
"BIS,WS_SPP,1.0",Q.CA.R.628,Q,CA,R,628,"Index, 2010 = 100",Units,2002-06-30,F,,A,66.8429
"BIS,WS_SPP,1.0",Q.CA.R.628,Q,CA,R,628,"Index, 2010 = 100",Units,2002-09-30,F,,A,65.5781
"BIS,WS_SPP,1.0",Q.CA.R.628,Q,CA,R,628,"Index, 2010 = 100",Units,2002-12-31,F,,A,67.3256
"BIS,WS_SPP,1.0",Q.CA.R.628,Q,CA,R,628,"Index, 2010 = 100",Units,2003-03-31,F,,A,67.8586
"BIS,WS_SPP,1.0",Q.CA.R.628,Q,CA,R,628,"Index, 2010 = 100",Units,2003-06-30,F,,A,70.2072
"BIS,WS_SPP,1.0",Q.CA.R.628,Q,CA,R,628,"Index, 2010 = 100",Units,2003-09-30,F,,A,71.4171
"BIS,WS_SPP,1.0",Q.CA.R.628,Q,CA,R,628,"Index, 2010 = 100",Units,2003-12-31,F,,A,73.3939
"BIS,WS_SPP,1.0",Q.CA.R.628,Q,CA,R,628,"Index, 2010 = 100",Units,2004-03-31,F,,A,74.2536
"BIS,WS_SPP,1.0",Q.CA.R.628,Q,CA,R,628,"Index, 2010 = 100",Units,2004-06-30,F,,A,76.8199
"BIS,WS_SPP,1.0",Q.CA.R.628,Q,CA,R,628,"Index, 2010 = 100",Units,2004-09-30,F,,A,74.8714
"BIS,WS_SPP,1.0",Q.CA.R.628,Q,CA,R,628,"Index, 2010 = 100",Units,2004-12-31,F,,A,77.3993
"BIS,WS_SPP,1.0",Q.CA.R.628,Q,CA,R,628,"Index, 2010 = 100",Units,2005-03-31,F,,A,79.9412
"BIS,WS_SPP,1.0",Q.CA.R.628,Q,CA,R,628,"Index, 2010 = 100",Units,2005-06-30,F,,A,81.2524
"BIS,WS_SPP,1.0",Q.CA.R.628,Q,CA,R,628,"Index, 2010 = 100",Units,2005-09-30,F,,A,81.9448
"BIS,WS_SPP,1.0",Q.CA.R.628,Q,CA,R,628,"Index, 2010 = 100",Units,2005-12-31,F,,A,82.9798
"BIS,WS_SPP,1.0",Q.CA.R.628,Q,CA,R,628,"Index, 2010 = 100",Units,2006-03-31,F,,A,85.6578
"BIS,WS_SPP,1.0",Q.CA.R.628,Q,CA,R,628,"Index, 2010 = 100",Units,2006-06-30,F,,A,88.764
"BIS,WS_SPP,1.0",Q.CA.R.628,Q,CA,R,628,"Index, 2010 = 100",Units,2006-09-30,F,,A,90.9982
"BIS,WS_SPP,1.0",Q.CA.R.628,Q,CA,R,628,"Index, 2010 = 100",Units,2006-12-31,F,,A,91.8116
"BIS,WS_SPP,1.0",Q.CA.R.628,Q,CA,R,628,"Index, 2010 = 100",Units,2007-03-31,F,,A,93.7553
"BIS,WS_SPP,1.0",Q.CA.R.628,Q,CA,R,628,"Index, 2010 = 100",Units,2007-06-30,F,,A,96.4194
"BIS,WS_SPP,1.0",Q.CA.R.628,Q,CA,R,628,"Index, 2010 = 100",Units,2007-09-30,F,,A,98.4359
"BIS,WS_SPP,1.0",Q.CA.R.628,Q,CA,R,628,"Index, 2010 = 100",Units,2007-12-31,F,,A,98.7641
"BIS,WS_SPP,1.0",Q.CA.R.628,Q,CA,R,628,"Index, 2010 = 100",Units,2008-03-31,F,,A,99.9306
"BIS,WS_SPP,1.0",Q.CA.R.628,Q,CA,R,628,"Index, 2010 = 100",Units,2008-06-30,F,,A,98.653
"BIS,WS_SPP,1.0",Q.CA.R.628,Q,CA,R,628,"Index, 2010 = 100",Units,2008-09-30,F,,A,95.68
"BIS,WS_SPP,1.0",Q.CA.R.628,Q,CA,R,628,"Index, 2010 = 100",Units,2008-12-31,F,,A,93.3232
"BIS,WS_SPP,1.0",Q.CA.R.628,Q,CA,R,628,"Index, 2010 = 100",Units,2009-03-31,F,,A,90.6825
"BIS,WS_SPP,1.0",Q.CA.R.628,Q,CA,R,628,"Index, 2010 = 100",Units,2009-06-30,F,,A,91.9593
"BIS,WS_SPP,1.0",Q.CA.R.628,Q,CA,R,628,"Index, 2010 = 100",Units,2009-09-30,F,,A,95.0574
"BIS,WS_SPP,1.0",Q.CA.R.628,Q,CA,R,628,"Index, 2010 = 100",Units,2009-12-31,F,,A,97.6107
"BIS,WS_SPP,1.0",Q.CA.R.628,Q,CA,R,628,"Index, 2010 = 100",Units,2010-03-31,F,,A,100.2438
"BIS,WS_SPP,1.0",Q.CA.R.628,Q,CA,R,628,"Index, 2010 = 100",Units,2010-06-30,F,,A,101.3371
"BIS,WS_SPP,1.0",Q.CA.R.628,Q,CA,R,628,"Index, 2010 = 100",Units,2010-09-30,F,,A,99.7146
"BIS,WS_SPP,1.0",Q.CA.R.628,Q,CA,R,628,"Index, 2010 = 100",Units,2010-12-31,F,,A,98.7219
"BIS,WS_SPP,1.0",Q.CA.R.628,Q,CA,R,628,"Index, 2010 = 100",Units,2011-03-31,F,,A,100.5969
"BIS,WS_SPP,1.0",Q.CA.R.628,Q,CA,R,628,"Index, 2010 = 100",Units,2011-06-30,F,,A,102.5685
"BIS,WS_SPP,1.0",Q.CA.R.628,Q,CA,R,628,"Index, 2010 = 100",Units,2011-09-30,F,,A,103.7585
"BIS,WS_SPP,1.0",Q.CA.R.628,Q,CA,R,628,"Index, 2010 = 100",Units,2011-12-31,F,,A,103.6796
"BIS,WS_SPP,1.0",Q.CA.R.628,Q,CA,R,628,"Index, 2010 = 100",Units,2012-03-31,F,,A,105.5386
"BIS,WS_SPP,1.0",Q.CA.R.628,Q,CA,R,628,"Index, 2010 = 100",Units,2012-06-30,F,,A,106.9303
"BIS,WS_SPP,1.0",Q.CA.R.628,Q,CA,R,628,"Index, 2010 = 100",Units,2012-09-30,F,,A,106.0767
"BIS,WS_SPP,1.0",Q.CA.R.628,Q,CA,R,628,"Index, 2010 = 100",Units,2012-12-31,F,,A,104.7044
"BIS,WS_SPP,1.0",Q.CA.R.628,Q,CA,R,628,"Index, 2010 = 100",Units,2013-03-31,F,,A,105.4775
"BIS,WS_SPP,1.0",Q.CA.R.628,Q,CA,R,628,"Index, 2010 = 100",Units,2013-06-30,F,,A,107.0699
"BIS,WS_SPP,1.0",Q.CA.R.628,Q,CA,R,628,"Index, 2010 = 100",Units,2013-09-30,F,,A,107.4486
"BIS,WS_SPP,1.0",Q.CA.R.628,Q,CA,R,628,"Index, 2010 = 100",Units,2013-12-31,F,,A,108.0217
"BIS,WS_SPP,1.0",Q.CA.R.628,Q,CA,R,628,"Index, 2010 = 100",Units,2014-03-31,F,,A,109.3543
"BIS,WS_SPP,1.0",Q.CA.R.628,Q,CA,R,628,"Index, 2010 = 100",Units,2014-06-30,F,,A,110.5261
"BIS,WS_SPP,1.0",Q.CA.R.628,Q,CA,R,628,"Index, 2010 = 100",Units,2014-09-30,F,,A,111.0363
"BIS,WS_SPP,1.0",Q.CA.R.628,Q,CA,R,628,"Index, 2010 = 100",Units,2014-12-31,F,,A,111.8501
"BIS,WS_SPP,1.0",Q.CA.R.628,Q,CA,R,628,"Index, 2010 = 100",Units,2015-03-31,F,,A,114.857
"BIS,WS_SPP,1.0",Q.CA.R.628,Q,CA,R,628,"Index, 2010 = 100",Units,2015-06-30,F,,A,117.4469
"BIS,WS_SPP,1.0",Q.CA.R.628,Q,CA,R,628,"Index, 2010 = 100",Units,2015-09-30,F,,A,119.1831
"BIS,WS_SPP,1.0",Q.CA.R.628,Q,CA,R,628,"Index, 2010 = 100",Units,2015-12-31,F,,A,120.847
"BIS,WS_SPP,1.0",Q.CA.R.628,Q,CA,R,628,"Index, 2010 = 100",Units,2016-03-31,F,,A,126.8984
"BIS,WS_SPP,1.0",Q.CA.R.628,Q,CA,R,628,"Index, 2010 = 100",Units,2016-06-30,F,,A,133.3705
"BIS,WS_SPP,1.0",Q.CA.R.628,Q,CA,R,628,"Index, 2010 = 100",Units,2016-09-30,F,,A,137.1935
"BIS,WS_SPP,1.0",Q.CA.R.628,Q,CA,R,628,"Index, 2010 = 100",Units,2016-12-31,F,,A,138.2738
"BIS,WS_SPP,1.0",Q.CA.R.628,Q,CA,R,628,"Index, 2010 = 100",Units,2017-03-31,F,,A,146.4193
"BIS,WS_SPP,1.0",Q.CA.R.628,Q,CA,R,628,"Index, 2010 = 100",Units,2017-06-30,F,,A,153.8374
"BIS,WS_SPP,1.0",Q.CA.R.628,Q,CA,R,628,"Index, 2010 = 100",Units,2017-09-30,F,,A,155.6623
"BIS,WS_SPP,1.0",Q.CA.R.628,Q,CA,R,628,"Index, 2010 = 100",Units,2017-12-31,F,,A,154.6915
"BIS,WS_SPP,1.0",Q.CA.R.628,Q,CA,R,628,"Index, 2010 = 100",Units,2018-03-31,F,,A,154.147
"BIS,WS_SPP,1.0",Q.CA.R.628,Q,CA,R,628,"Index, 2010 = 100",Units,2018-06-30,F,,A,154.8542
"BIS,WS_SPP,1.0",Q.CA.R.628,Q,CA,R,628,"Index, 2010 = 100",Units,2018-09-30,F,,A,154.4196
"BIS,WS_SPP,1.0",Q.CA.R.628,Q,CA,R,628,"Index, 2010 = 100",Units,2018-12-31,F,,A,154.286
"BIS,WS_SPP,1.0",Q.CA.R.628,Q,CA,R,628,"Index, 2010 = 100",Units,2019-03-31,F,,A,152.5901
"BIS,WS_SPP,1.0",Q.CA.R.628,Q,CA,R,628,"Index, 2010 = 100",Units,2019-06-30,F,,A,151.8894
"BIS,WS_SPP,1.0",Q.CA.R.628,Q,CA,R,628,"Index, 2010 = 100",Units,2019-09-30,F,,A,151.7732
"BIS,WS_SPP,1.0",Q.CA.R.628,Q,CA,R,628,"Index, 2010 = 100",Units,2019-12-31,F,,A,153.6002
"BIS,WS_SPP,1.0",Q.CA.R.628,Q,CA,R,628,"Index, 2010 = 100",Units,2020-03-31,F,,A,156.2749
"BIS,WS_SPP,1.0",Q.CA.R.628,Q,CA,R,628,"Index, 2010 = 100",Units,2020-06-30,F,,A,160.4669
"BIS,WS_SPP,1.0",Q.CA.R.628,Q,CA,R,628,"Index, 2010 = 100",Units,2020-09-30,F,,A,161.8262
"BIS,WS_SPP,1.0",Q.CA.R.628,Q,CA,R,628,"Index, 2010 = 100",Units,2020-12-31,F,,A,165.1458
"BIS,WS_SPP,1.0",Q.CA.R.628,Q,CA,R,628,"Index, 2010 = 100",Units,2021-03-31,F,,A,167.5337
"BIS,WS_SPP,1.0",Q.CA.R.628,Q,CA,R,628,"Index, 2010 = 100",Units,2021-06-30,F,,A,176.1755
"BIS,WS_SPP,1.0",Q.CA.R.628,Q,CA,R,628,"Index, 2010 = 100",Units,2021-09-30,F,,A,177.8443
"BIS,WS_SPP,1.0",Q.CA.R.628,Q,CA,R,628,"Index, 2010 = 100",Units,2021-12-31,F,,A,179.6678
"BIS,WS_SPP,1.0",Q.CA.R.628,Q,CA,R,628,"Index, 2010 = 100",Units,2022-03-31,F,,A,198.607
"BIS,WS_SPP,1.0",Q.CA.R.628,Q,CA,R,628,"Index, 2010 = 100",Units,2022-06-30,F,,A,187.6682
"BIS,WS_SPP,1.0",Q.CA.R.628,Q,CA,R,628,"Index, 2010 = 100",Units,2022-09-30,F,,A,169.2519
"BIS,WS_SPP,1.0",Q.CA.R.628,Q,CA,R,628,"Index, 2010 = 100",Units,2022-12-31,F,,A,160.5654
"BIS,WS_SPP,1.0",Q.CA.R.628,Q,CA,R,628,"Index, 2010 = 100",Units,2023-03-31,F,,A,159.7024
"BIS,WS_SPP,1.0",Q.CA.R.628,Q,CA,R,628,"Index, 2010 = 100",Units,2023-06-30,F,,A,165.2839
"BIS,WS_SPP,1.0",Q.CA.R.628,Q,CA,R,628,"Index, 2010 = 100",Units,2023-09-30,F,,A,162.7144
"BIS,WS_SPP,1.0",Q.CA.R.628,Q,CA,R,628,"Index, 2010 = 100",Units,2023-12-31,F,,A,156.2966
"BIS,WS_SPP,1.0",Q.CA.R.628,Q,CA,R,628,"Index, 2010 = 100",Units,2024-03-31,F,,A,156.4211
"BIS,WS_SPP,1.0",Q.CA.R.628,Q,CA,R,628,"Index, 2010 = 100",Units,2024-06-30,F,,A,156.3798
"BIS,WS_SPP,1.0",Q.CA.R.628,Q,CA,R,628,"Index, 2010 = 100",Units,2024-09-30,F,,A,153.045
"BIS,WS_SPP,1.0",Q.CA.R.628,Q,CA,R,628,"Index, 2010 = 100",Units,2024-12-31,F,,A,150.5615
"BIS,WS_SPP,1.0",Q.CA.R.628,Q,CA,R,628,"Index, 2010 = 100",Units,2025-03-31,F,,A,150.6479
"BIS,WS_SPP,1.0",Q.CA.R.628,Q,CA,R,628,"Index, 2010 = 100",Units,2025-06-30,F,,A,149.181
"BIS,WS_SPP,1.0",Q.CA.R.628,Q,CA,R,628,"Index, 2010 = 100",Units,2025-09-30,F,,A,145.2817
"BIS,WS_SPP,1.0",Q.CA.R.628,Q,CA,R,628,"Index, 2010 = 100",Units,2025-12-31,F,,A,142.2693
